api_call,cache_read,cache_create,output,tools
1,0,7086,8,ToolSearch
2,0,19328,6,Bash:cat /home/runner/work/playgrou
3,19328,1446,8,"Bash:grep -n ""version"" /home/runner"
4,20774,3007,8,"Bash:sed -i 's|version: ""0.7.21""|ve; Bash:find /home/runner/work/playgro; Bash:find /home/runner/work/playgro +4 more"
5,23781,2557,8,Bash:sed -i 's|function-go-templati; Bash:sed -i 's|v0.12.0|v1.0.0-alpha
6,26338,510,9,Bash:git -C /home/runner/work/playg
7,26848,450,19,Bash:git -C /home/runner/work/playg
8,27298,3969,8,Skill
9,31267,507,25,Bash:DATE=$(date -u +%Y-%m-%d) BRAN
10,31774,541,19,Bash:git push origin chore/upgrade-
11,32315,863,1,(thinking)
